<manifest><control namespace="Ni3.Charts" constructor="Pie3DCharts" version="0.0.1" display-name-key="Pie3DCharts" description-key="Pie3DCharts description" control-type="standard" api-version="1.2.3"><property name="JsonChart" display-name-key="Json Chart" description-key="JSON which represents Pie" of-type="SingleLine.Text" usage="bound" required="true" /><property name="X" display-name-key="X" description-key="JSON which represents Pie" of-type="SingleLine.Text" usage="bound" required="true" /><property name="Y" display-name-key="Y" description-key="JSON which represents Pie" of-type="SingleLine.Text" usage="bound" required="true" /><property name="radX" display-name-key="radX" description-key="JSON which represents Pie" of-type="SingleLine.Text" usage="bound" required="true" /><property name="radY" display-name-key="radY" description-key="JSON which represents Pie" of-type="SingleLine.Text" usage="bound" required="true" /><property name="height" display-name-key="height" description-key="JSON which represents Pie" of-type="SingleLine.Text" usage="bound" required="true" /><property name="innerRadius" display-name-key="innerRadius" description-key="JSON which represents Pie" of-type="SingleLine.Text" usage="bound" required="true" /><property name="ShowLabelWithPerc" display-name-key="ShowLabelWithPerc" description-key="JSON which represents Pie" of-type="SingleLine.Text" usage="bound" required="true" /><property name="TextStyle" display-name-key="TextStyle" description-key="JSON which represents Pie" of-type="SingleLine.Text" usage="bound" required="true" /><type-group name="chart"><type>SingleLine.Text</type></type-group><resources><code path="bundle.js" order="1" /></resources><built-by name="pac" version="1.3.6" /></control></manifest>